product_id,product_name,category,subcategory,unit_price,unit_cost,launch_date
P10000,Horizontal cohesive intranet,Sports & Outdoors,Sports & Outdoors - Purpose,168.05,90.8,2025-07-12
P10001,Quality-focused tertiary framework,Sports & Outdoors,Sports & Outdoors - Brother,23.17,13.51,2023-11-13
P10002,Seamless solution-oriented moderator,Electronics,Electronics - Ago,116.27,66.63,2023-02-10
P10003,Advanced static neural-net,Home & Living,Home & Living - Site,20.05,9.84,2024-02-22
P10004,Innovative stable benchmark,Sports & Outdoors,Sports & Outdoors - Face,199.55,124.56,2024-02-29
P10005,Devolved empowering budgetary management,Home & Living,Home & Living - Election,78.53,53.27,2025-05-03
P10006,Customer-focused value-added neural-net,Sports & Outdoors,Sports & Outdoors - Dog,83.56,54.2,2024-03-10
P10007,Distributed encompassing forecast,Toys & Games,Toys & Games - Chair,19.69,9.64,2023-12-23
P10008,Robust demand-driven structure,Beauty & Personal Care,Beauty & Personal Care - Since,27.56,16.21,2023-01-10
P10009,Mandatory demand-driven software,Sports & Outdoors,Sports & Outdoors - Blue,19.08,9.48,2025-07-16
P10010,Sharable empowering middleware,Home & Living,Home & Living - Require,58.03,31.9,2023-03-28
P10011,Pre-emptive eco-centric application,Kitchen,Kitchen - Sit,21.93,14.68,2024-02-11
P10012,Cross-group scalable interface,Electronics,Electronics - Wait,302.46,144.95,2023-10-20
P10013,Grass-roots 6thgeneration ability,Computers & Accessories,Computers & Accessories - Offer,48.05,32.93,2026-02-06
P10014,Managed zero administration capacity,Office Supplies,Office Supplies - Begin,20.64,11.03,2024-12-20
P10015,Sharable empowering complexity,Toys & Games,Toys & Games - Performance,10.08,6.1,2023-02-04
P10016,User-centric leadingedge neural-net,Sports & Outdoors,Sports & Outdoors - Knowledge,145.53,83.45,2025-03-12
P10017,Triple-buffered interactive open architecture,Sports & Outdoors,Sports & Outdoors - Almost,28.29,16.64,2025-11-12
P10018,Advanced bifurcated archive,Home & Living,Home & Living - All,249.14,151.17,2025-03-03
P10019,Team-oriented coherent moratorium,Kitchen,Kitchen - Better,27.35,12.92,2024-09-12
P10020,Automated holistic paradigm,Home & Living,Home & Living - Discover,97.53,48.77,2024-01-23
P10021,Reactive client-server Internet solution,Office Supplies,Office Supplies - Early,71.59,45.7,2025-01-04
P10022,De-engineered 6thgeneration function,Toys & Games,Toys & Games - Mouth,65.49,41.76,2023-02-18
P10023,Multi-lateral 6thgeneration help-desk,Home & Living,Home & Living - Play,40.12,23.63,2023-09-24
P10024,Expanded systemic encryption,Home & Living,Home & Living - Agreement,200.05,137.33,2025-12-27
P10025,Synchronized bi-directional help-desk,Electronics,Electronics - Option,52.04,23.99,2025-04-22
P10026,Vision-oriented next generation installation,Home & Living,Home & Living - Decide,89.4,60.4,2023-04-23
P10027,Secured value-added collaboration,Home & Living,Home & Living - Sense,122.02,68.12,2025-03-06
P10028,Front-line cohesive website,Computers & Accessories,Computers & Accessories - Rate,63.09,42.78,2025-12-02
P10029,Enhanced incremental algorithm,Toys & Games,Toys & Games - Science,78.9,44.7,2025-03-06
P10030,Enhanced user-facing groupware,Electronics,Electronics - Offer,102.02,65.55,2024-12-01
P10031,Open-source static support,Sports & Outdoors,Sports & Outdoors - Kind,203.2,141.43,2024-08-09
P10032,Fully-configurable encompassing complexity,Kitchen,Kitchen - Discussion,21.95,14.67,2024-12-02
P10033,Total bi-directional implementation,Kitchen,Kitchen - List,149.11,70.43,2025-10-30
P10034,Automated methodical definition,Computers & Accessories,Computers & Accessories - Perform,111.23,71.88,2024-01-10
P10035,Exclusive logistical hardware,Beauty & Personal Care,Beauty & Personal Care - Fall,22.58,12.78,2025-07-04
P10036,Integrated discrete definition,Home & Living,Home & Living - Table,29.08,15.19,2025-01-30
P10037,Assimilated stable core,Beauty & Personal Care,Beauty & Personal Care - True,10.27,6.45,2023-06-04
P10038,Open-architected full-range focus group,Home & Living,Home & Living - According,34.03,19.01,2023-10-11
P10039,Cloned zero administration focus group,Toys & Games,Toys & Games - Song,26.86,16.04,2025-11-14
P10040,Monitored secondary migration,Home & Living,Home & Living - Sure,80.93,52.25,2024-01-20
P10041,Open-architected systematic monitoring,Toys & Games,Toys & Games - Collection,60.34,39.56,2024-04-30
P10042,Managed 4thgeneration budgetary management,Beauty & Personal Care,Beauty & Personal Care - Save,8.87,5.03,2024-01-30
P10043,Fundamental context-sensitive paradigm,Toys & Games,Toys & Games - Knowledge,106.36,59.57,2024-10-21
P10044,Fundamental 5thgeneration benchmark,Office Supplies,Office Supplies - Grow,9.96,5.51,2023-03-20
P10045,Right-sized intermediate hardware,Sports & Outdoors,Sports & Outdoors - Fall,121.46,75.21,2024-06-07
P10046,Upgradable zero tolerance functionalities,Beauty & Personal Care,Beauty & Personal Care - Clearly,56.37,38.72,2024-08-15
P10047,Optional real-time migration,Sports & Outdoors,Sports & Outdoors - Dinner,58.23,30.11,2025-08-23
P10048,Customizable human-resource orchestration,Toys & Games,Toys & Games - Source,29.67,15.47,2023-09-10
P10049,Ergonomic eco-centric analyzer,Sports & Outdoors,Sports & Outdoors - Great,20.59,12.6,2024-04-05
P10050,Triple-buffered intermediate ability,Toys & Games,Toys & Games - Blue,27.57,15.49,2024-09-16
P10051,Programmable national software,Home & Living,Home & Living - Best,209.48,96.74,2025-08-18
P10052,Up-sized user-facing support,Electronics,Electronics - Husband,78.07,36.54,2025-04-12
P10053,Synchronized dedicated hierarchy,Electronics,Electronics - Bill,306.57,184.29,2023-02-23
P10054,Optional asymmetric secured line,Beauty & Personal Care,Beauty & Personal Care - Her,43.63,23.76,2024-02-19
P10055,Managed regional functionalities,Toys & Games,Toys & Games - Throw,90.14,54.63,2023-09-15
P10056,Switchable bottom-line success,Home & Living,Home & Living - Guy,26.03,16.61,2023-05-26
P10057,Innovative motivating function,Sports & Outdoors,Sports & Outdoors - Pm,118.13,63.24,2023-11-23
P10058,Synchronized incremental Graphic Interface,Kitchen,Kitchen - Everything,15.87,9.45,2024-11-08
P10059,Open-architected tangible frame,Beauty & Personal Care,Beauty & Personal Care - Surface,26.03,14.46,2025-08-26
P10060,Reactive clear-thinking core,Home & Living,Home & Living - Animal,115.09,78.34,2025-11-15
P10061,Operative static implementation,Home & Living,Home & Living - Show,23.64,16.34,2024-02-02
P10062,Synergistic value-added conglomeration,Beauty & Personal Care,Beauty & Personal Care - Machine,81.45,50.41,2023-10-01
P10063,Seamless non-volatile framework,Electronics,Electronics - Not,101.31,55.25,2024-11-11
P10064,Open-architected neutral ability,Beauty & Personal Care,Beauty & Personal Care - Capital,23.63,16.24,2025-03-01
P10065,Innovative executive database,Electronics,Electronics - Win,297.71,158.94,2024-10-17
P10066,Optional zero tolerance paradigm,Electronics,Electronics - Human,278.48,162.18,2025-09-11
P10067,Robust solution-oriented Graphic Interface,Home & Living,Home & Living - Bar,197.81,135.52,2024-04-14
P10068,Persistent leadingedge intranet,Home & Living,Home & Living - Old,98.74,59.45,2024-01-29
P10069,Synergistic didactic migration,Office Supplies,Office Supplies - Finally,31.34,17.24,2024-11-03
P10070,Phased user-facing concept,Kitchen,Kitchen - Themselves,22.9,10.49,2025-02-21
P10071,Switchable attitude-oriented forecast,Kitchen,Kitchen - Production,96.85,62.72,2024-02-01
P10072,Profound stable productivity,Beauty & Personal Care,Beauty & Personal Care - Present,36.01,16.98,2023-10-28
P10073,Secured full-range array,Home & Living,Home & Living - Value,39.38,18.61,2026-02-20
P10074,Versatile disintermediate service-desk,Sports & Outdoors,Sports & Outdoors - Training,273.09,138.41,2025-04-19
P10075,Integrated directional workforce,Beauty & Personal Care,Beauty & Personal Care - High,25.95,15.77,2024-12-28
P10076,Exclusive client-server algorithm,Toys & Games,Toys & Games - Participant,60.35,40.63,2023-12-04
P10077,Balanced dynamic leverage,Computers & Accessories,Computers & Accessories - Dark,170.61,77.13,2025-12-28
P10078,Seamless zero administration archive,Beauty & Personal Care,Beauty & Personal Care - Sea,8.21,5.08,2024-09-19
P10079,Persevering intangible product,Electronics,Electronics - Available,97.93,56.84,2023-11-17
P10080,Re-engineered content-based structure,Kitchen,Kitchen - Answer,66.19,40.07,2024-03-04
P10081,Total human-resource methodology,Home & Living,Home & Living - Recently,249.94,155.59,2024-03-17
P10082,Open-architected dynamic circuit,Toys & Games,Toys & Games - Drive,14.67,9.02,2023-02-10
P10083,Streamlined system-worthy ability,Beauty & Personal Care,Beauty & Personal Care - Spring,41.68,27.41,2024-04-30
P10084,Versatile zero administration benchmark,Beauty & Personal Care,Beauty & Personal Care - Figure,23.02,10.98,2023-11-06
P10085,Vision-oriented interactive definition,Computers & Accessories,Computers & Accessories - Base,90.95,46.0,2024-06-20
P10086,Enhanced tangible model,Home & Living,Home & Living - Top,23.42,15.48,2024-10-26
P10087,Persistent actuating open architecture,Home & Living,Home & Living - Early,66.65,31.18,2024-02-03
P10088,Fully-configurable bottom-line knowledgebase,Computers & Accessories,Computers & Accessories - Trial,23.18,16.11,2023-02-06
P10089,Devolved maximized secured line,Kitchen,Kitchen - Blood,38.47,21.69,2026-01-05
P10090,Progressive next generation policy,Kitchen,Kitchen - Husband,37.55,20.22,2023-05-20
P10091,Intuitive web-enabled intranet,Home & Living,Home & Living - Fall,24.44,13.71,2024-02-20
P10092,Seamless uniform middleware,Beauty & Personal Care,Beauty & Personal Care - Long,89.49,46.65,2025-05-12
P10093,Optimized neutral knowledge user,Beauty & Personal Care,Beauty & Personal Care - Prove,44.87,29.45,2025-11-08
P10094,Diverse value-added leverage,Beauty & Personal Care,Beauty & Personal Care - They,80.84,48.83,2025-02-05
P10095,Organized empowering system engine,Toys & Games,Toys & Games - His,63.28,33.03,2023-10-13
P10096,Fully-configurable scalable focus group,Home & Living,Home & Living - Commercial,60.2,38.83,2025-02-25
P10097,Visionary zero-defect model,Office Supplies,Office Supplies - Hospital,27.34,17.15,2024-04-22
P10098,Pre-emptive responsive encoding,Beauty & Personal Care,Beauty & Personal Care - Hear,12.01,7.17,2025-06-02
P10099,Grass-roots leadingedge archive,Beauty & Personal Care,Beauty & Personal Care - Determine,11.58,6.5,2024-04-14
P10100,Universal executive encoding,Office Supplies,Office Supplies - Religious,19.26,12.75,2023-04-15
P10101,Future-proofed full-range functionalities,Toys & Games,Toys & Games - Example,16.56,8.31,2024-09-16
P10102,Quality-focused attitude-oriented challenge,Sports & Outdoors,Sports & Outdoors - Science,157.08,106.28,2023-02-20
P10103,Distributed discrete info-mediaries,Kitchen,Kitchen - Write,27.67,16.58,2025-01-09
P10104,Team-oriented coherent strategy,Sports & Outdoors,Sports & Outdoors - Result,23.01,15.79,2024-01-12
P10105,Extended asymmetric instruction set,Toys & Games,Toys & Games - Raise,42.83,29.29,2025-11-12
P10106,Open-source full-range moratorium,Electronics,Electronics - Away,126.46,59.55,2024-08-17
P10107,Persistent intangible approach,Kitchen,Kitchen - Politics,25.02,13.35,2023-02-10
P10108,Expanded intangible info-mediaries,Home & Living,Home & Living - Prove,21.55,13.23,2025-01-27
P10109,Visionary optimal standardization,Kitchen,Kitchen - Congress,70.34,33.92,2025-09-12
P10110,Ameliorated well-modulated orchestration,Sports & Outdoors,Sports & Outdoors - None,144.5,84.78,2023-02-23
P10111,Multi-tiered mission-critical ability,Beauty & Personal Care,Beauty & Personal Care - Shoulder,12.64,6.77,2025-06-02
P10112,Multi-channeled exuding system engine,Electronics,Electronics - Election,207.12,144.95,2025-06-22
P10113,Networked intangible monitoring,Kitchen,Kitchen - Common,75.88,37.95,2025-03-18
P10114,User-friendly user-facing moratorium,Home & Living,Home & Living - Maintain,132.57,63.32,2024-08-04
P10115,Robust directional matrix,Beauty & Personal Care,Beauty & Personal Care - Hundred,9.34,5.27,2025-02-06
P10116,Face-to-face encompassing Internet solution,Home & Living,Home & Living - Expect,227.23,116.11,2024-08-03
P10117,Pre-emptive 4thgeneration info-mediaries,Home & Living,Home & Living - Wish,95.93,62.57,2024-03-22
P10118,Mandatory static service-desk,Computers & Accessories,Computers & Accessories - Push,46.0,20.9,2023-02-28
P10119,Open-architected uniform concept,Kitchen,Kitchen - Rise,141.56,86.78,2024-08-11
P10120,Persistent clear-thinking process improvement,Electronics,Electronics - Onto,135.03,74.52,2025-07-17
P10121,Public-key 4thgeneration infrastructure,Beauty & Personal Care,Beauty & Personal Care - Discuss,11.8,8.06,2023-03-02
P10122,Reverse-engineered non-volatile protocol,Toys & Games,Toys & Games - Reveal,83.19,56.44,2023-02-14
P10123,Assimilated attitude-oriented project,Computers & Accessories,Computers & Accessories - Garden,204.46,132.93,2023-07-20
P10124,Optimized client-driven Local Area Network,Kitchen,Kitchen - Threat,26.41,14.72,2023-12-17
P10125,Enterprise-wide actuating firmware,Toys & Games,Toys & Games - Special,38.62,21.5,2024-08-16
P10126,Multi-tiered fresh-thinking data-warehouse,Toys & Games,Toys & Games - Stand,26.96,12.28,2025-09-09
P10127,Persevering fresh-thinking Graphical User Interface,Beauty & Personal Care,Beauty & Personal Care - Arrive,8.13,5.55,2023-02-05
P10128,Virtual homogeneous focus group,Computers & Accessories,Computers & Accessories - Drop,93.09,64.63,2025-07-16
P10129,Versatile intangible extranet,Kitchen,Kitchen - Term,23.28,11.7,2025-04-27
P10130,Configurable methodical adapter,Office Supplies,Office Supplies - Almost,7.67,4.36,2024-08-15
P10131,User-friendly needs-based application,Home & Living,Home & Living - Support,19.47,11.58,2023-08-17
P10132,Monitored directional projection,Computers & Accessories,Computers & Accessories - Four,41.06,24.02,2023-04-11
P10133,Cloned zero-defect projection,Kitchen,Kitchen - Institution,101.67,57.94,2023-07-07
P10134,Balanced web-enabled algorithm,Computers & Accessories,Computers & Accessories - Executive,63.46,38.18,2024-01-30
P10135,Fully-configurable dedicated adapter,Kitchen,Kitchen - Attorney,17.75,11.49,2024-09-21
P10136,Secured coherent encoding,Sports & Outdoors,Sports & Outdoors - Development,29.0,16.06,2024-02-19
P10137,De-engineered methodical secured line,Kitchen,Kitchen - White,75.2,35.24,2024-10-24
P10138,Customizable non-volatile data-warehouse,Home & Living,Home & Living - Yes,46.66,24.22,2025-11-11
P10139,Persistent tangible extranet,Kitchen,Kitchen - Our,69.05,33.13,2023-06-03
P10140,Visionary holistic concept,Beauty & Personal Care,Beauty & Personal Care - Under,9.08,5.46,2025-11-26
P10141,Robust real-time synergy,Toys & Games,Toys & Games - Serious,61.12,35.28,2023-08-19
P10142,Universal bifurcated time-frame,Electronics,Electronics - Forward,363.19,177.04,2024-08-07
P10143,Diverse fault-tolerant benchmark,Electronics,Electronics - Difference,230.1,123.09,2025-05-20
P10144,Reduced 4thgeneration function,Toys & Games,Toys & Games - Reality,60.1,40.76,2025-04-06
P10145,Re-engineered systematic implementation,Home & Living,Home & Living - Money,26.23,17.52,2025-06-18
P10146,Object-based transitional customer loyalty,Kitchen,Kitchen - Individual,37.57,22.41,2025-04-26
P10147,Compatible optimizing solution,Electronics,Electronics - Usually,44.9,20.4,2023-01-19
P10148,Self-enabling dynamic benchmark,Home & Living,Home & Living - Who,128.01,82.85,2024-08-11
P10149,Total zero administration framework,Beauty & Personal Care,Beauty & Personal Care - Question,48.22,22.32,2024-03-25
P10150,Synergized radical workforce,Electronics,Electronics - Low,41.28,28.02,2026-01-05
P10151,Decentralized non-volatile toolset,Kitchen,Kitchen - Character,97.66,58.17,2026-02-06
P10152,Balanced grid-enabled monitoring,Sports & Outdoors,Sports & Outdoors - Evidence,89.76,46.1,2023-10-31
P10153,Optimized stable hub,Home & Living,Home & Living - Chair,236.8,112.21,2025-04-24
P10154,Cloned motivating project,Toys & Games,Toys & Games - Employee,116.94,74.16,2023-10-09
P10155,Mandatory 24/7 instruction set,Electronics,Electronics - Size,36.98,17.87,2025-06-06
P10156,Pre-emptive bi-directional Internet solution,Kitchen,Kitchen - Option,126.37,71.58,2023-12-21
P10157,Multi-lateral scalable knowledgebase,Toys & Games,Toys & Games - Nothing,14.9,6.79,2025-05-16
P10158,Triple-buffered coherent Internet solution,Electronics,Electronics - Everyone,124.65,84.56,2023-02-02
P10159,Enhanced upward-trending model,Computers & Accessories,Computers & Accessories - Skin,101.67,65.38,2025-04-13
P10160,Streamlined encompassing pricing structure,Beauty & Personal Care,Beauty & Personal Care - Pattern,15.52,7.6,2024-05-14
P10161,Public-key zero-defect matrices,Home & Living,Home & Living - Later,114.39,69.74,2025-05-25
P10162,Persistent intermediate superstructure,Home & Living,Home & Living - Water,67.74,38.57,2023-04-19
P10163,Reverse-engineered encompassing Graphic Interface,Kitchen,Kitchen - Past,69.07,32.58,2025-10-26
P10164,Fully-configurable background focus group,Sports & Outdoors,Sports & Outdoors - Inside,125.81,71.27,2025-02-28
P10165,Organized dynamic system engine,Beauty & Personal Care,Beauty & Personal Care - High,21.29,11.56,2024-03-15
P10166,Persistent non-volatile pricing structure,Kitchen,Kitchen - Discuss,13.48,6.85,2024-02-10
P10167,Synchronized homogeneous Graphical User Interface,Sports & Outdoors,Sports & Outdoors - Certainly,37.17,25.42,2023-12-17
P10168,Assimilated modular Graphic Interface,Toys & Games,Toys & Games - Mr,15.47,7.84,2024-11-29
P10169,Enterprise-wide mobile data-warehouse,Office Supplies,Office Supplies - Minute,40.37,24.88,2023-02-16
P10170,Multi-channeled empowering Graphical User Interface,Sports & Outdoors,Sports & Outdoors - Benefit,36.33,25.19,2025-04-24
P10171,Grass-roots radical standardization,Sports & Outdoors,Sports & Outdoors - Someone,50.3,22.89,2025-07-22
P10172,Grass-roots next generation access,Beauty & Personal Care,Beauty & Personal Care - Anyone,23.55,11.42,2023-10-28
P10173,Programmable content-based artificial intelligence,Toys & Games,Toys & Games - Traditional,79.69,49.84,2023-06-15
P10174,Front-line uniform installation,Home & Living,Home & Living - Break,161.41,94.79,2026-02-26
P10175,Pre-emptive next generation task-force,Home & Living,Home & Living - Claim,27.85,18.2,2025-01-21
P10176,Front-line system-worthy leverage,Electronics,Electronics - Product,86.4,49.22,2025-04-03
P10177,Stand-alone transitional matrix,Office Supplies,Office Supplies - Collection,9.85,6.69,2025-01-19
P10178,Organized 3rdgeneration array,Toys & Games,Toys & Games - Structure,113.06,56.87,2023-10-23
P10179,Implemented directional initiative,Electronics,Electronics - Response,119.36,68.24,2025-08-08
P10180,Team-oriented dynamic function,Toys & Games,Toys & Games - Knowledge,10.02,6.66,2024-07-24
P10181,Switchable optimal hub,Beauty & Personal Care,Beauty & Personal Care - Pick,9.96,4.82,2023-11-09
P10182,Phased neutral moderator,Toys & Games,Toys & Games - Attack,83.9,49.89,2024-12-04
P10183,Monitored interactive synergy,Toys & Games,Toys & Games - Image,26.89,14.84,2025-11-13
P10184,Reactive full-range help-desk,Home & Living,Home & Living - I,191.55,114.42,2025-07-09
P10185,Total logistical flexibility,Home & Living,Home & Living - Pick,96.93,47.31,2025-04-23
P10186,Integrated eco-centric emulation,Home & Living,Home & Living - Management,67.24,39.99,2023-11-14
P10187,Decentralized uniform core,Beauty & Personal Care,Beauty & Personal Care - Newspaper,57.51,34.3,2023-11-27
P10188,Intuitive bottom-line synergy,Beauty & Personal Care,Beauty & Personal Care - Enter,46.86,27.96,2025-09-12
P10189,Public-key well-modulated solution,Kitchen,Kitchen - On,61.67,30.5,2025-08-06
P10190,Enterprise-wide content-based data-warehouse,Sports & Outdoors,Sports & Outdoors - Traditional,22.86,12.52,2025-10-18
P10191,User-centric mission-critical focus group,Kitchen,Kitchen - Yes,114.73,64.65,2026-01-30
P10192,Up-sized optimizing task-force,Home & Living,Home & Living - Activity,155.55,95.54,2024-03-09
P10193,Progressive radical forecast,Toys & Games,Toys & Games - Response,92.16,63.34,2024-12-12
P10194,Cross-platform content-based frame,Sports & Outdoors,Sports & Outdoors - Set,23.96,11.27,2024-10-31
P10195,Focused high-level conglomeration,Beauty & Personal Care,Beauty & Personal Care - Building,84.13,57.81,2023-12-27
P10196,Innovative 24/7 strategy,Computers & Accessories,Computers & Accessories - Rest,81.78,54.35,2024-10-09
P10197,Public-key clear-thinking focus group,Home & Living,Home & Living - Value,27.69,15.15,2026-03-13
P10198,Balanced actuating neural-net,Kitchen,Kitchen - Not,88.64,52.29,2026-01-14
P10199,Implemented tangible capacity,Home & Living,Home & Living - Social,132.56,68.38,2024-09-07
